Identifier;Responsible partner;Sprint (optional);Competency Question / Natural language sentence (fact);Answer (For Competency Questions);Status (Proposed, Accepted, Rejected, Deprecated);Comments (optional);Extracted from (provenance);Priority (High, Medium, Low) (optional);Relation with other requirements (optional);Associated ontology elements;Relation to ontology elements in other domains
OR1;OEG-UPM;Sprint 1;In which municipality is a specific regulated zone located?;The URI of the municipality (e.g., esadm:Municipio);Proposed;Core administrative link;Smart Mobility Use Case;High;;edintzone:locatedIn, edintzone:hasRegulatedZone;esadm:Municipio
OR2;OEG-UPM;Sprint 1;Which specific streets compose a regulated zone?;A list of URIs representing streets or administrative features;Proposed;Necessary because zones often overlay multiple streets;Smart Mobility Use Case;High;;edintzone:composedOf;esadm:Via, dbpedia:GovernmentalAdministrativeRegion
OR3;OEG-UPM;Sprint 1;Which entity or organization is responsible for managing the zone?;The organization instance (e.g., Z+M UTE);Proposed;Supports public-private management scenarios;Smart Mobility Use Case;Medium;;edintzone:managedBy;org:Organization
OR4;OEG-UPM;Sprint 1;What are the operating hours or schedule of the regulation?;"Textual description of the schedule (e.g. ""Mon-Fri 09:00-14:00"")";Proposed;Required for end-user apps;Smart Mobility Use Case;High;;edintzone:scheduleDescription;xsd:string
OR5;OEG-UPM;Sprint 1;What is the legal basis or ordinance that created this zone?;The URI to the official document;Proposed;Important for legal transparency;Smart Mobility Use Case;Medium;;edintzone:legalReference;xsd:anyURI
OR6;OEG-UPM;Sprint 1;Is the zone currently active or has the regulation expired?;The start and end dates of the regulation;Proposed;Handles temporal validity;Smart Mobility Use Case;Medium;;edintzone:startDate, edintzone:endDate;xsd:date
OR7;OEG-UPM;Sprint 1;What specific type of regulated zone is it (e.g. Low Emission, Residential Parking)?;The specific subclass of RegulatedZone;Proposed;Core taxonomy requirement;Smart Mobility Use Case;High;;edintzone:RegulatedZone (and subclasses);-
OR8;OEG-UPM;Sprint 1;What is the geographical shape/boundary of the zone?;A geometry object with a WKT representation;Proposed;Required for GIS visualization;Smart Mobility Use Case;High;;geo:hasGeometry, geo:asWKT;geo:Feature, sf:Geometry
OR9;OEG-UPM;Sprint 1;Does the zone fall under an Economic Interest category?;Instances of subclasses like StreetVending or HighTourismInflux;Proposed;Covers commercial urban management;Smart Mobility Use Case;Medium;;edintzone:EconomicInterestZone;-
